jahr	tote100kWeighted
2016	1095.697261290758
2017	1114.2748300940484
2018	1129.7004566253916
2019	1078.0849771478972
2020	1078.0562261702155
2021	1108.7308161016904
