jahr	tote100kWeighted
2016	1010.9839201663109
2017	1020.1186409714403
2018	1031.652162086016
2019	990.3419770603417
2020	1036.0536742914733
