jahr	tote100kWeighted
2016	1197.4174200983973
2017	1210.7653419988299
2018	1223.9846628861435
2019	1172.8022552220511
2020	1228.5083742218526
