jahr	tote100kWeighted
2016	925.6011167501907
2017	939.0881286636125
2018	952.4385502808188
2019	910.6435234266136
2020	910.6136571206484
2021	939.1195176829012
