Altersgruppe,weight
85,0.02365164923
0-65,0.7933362038
65-75,0.112918551
75-85,0.07009359602